{"cameraMode":{"drawMode":0,"name":"Shaded","section":"Shading Mode"},"sceneLighting":true,"audioPlay":false,"sceneViewState":{"showFog":true,"showMaterialUpdate":true,"showSkybox":true,"showFlares":true,"showImageEffects":true,"showParticleSystems":true},"in2DMode":false,"pivot":{"x":-6.233375549316406,"y":8.436676025390625,"z":-2.7620725631713869},"rotation":{"x":-0.2530580759048462,"y":0.636285126209259,"z":-0.23320692777633668,"w":-0.6904471516609192},"size":13.203125,"orthographic":false}