{"cameraMode":{"drawMode":0,"name":"Shaded","section":"Shading Mode"},"sceneLighting":true,"audioPlay":false,"sceneViewState":{"showFog":true,"showMaterialUpdate":true,"showSkybox":true,"showFlares":true,"showImageEffects":true,"showParticleSystems":true},"in2DMode":false,"pivot":{"x":-0.018533706665039064,"y":-4.2795186042785648,"z":0.3261833190917969},"rotation":{"x":0.3353261649608612,"y":0.12833403050899507,"z":-0.046164531260728839,"w":0.9321807622909546},"size":277.5933837890625,"orthographic":false}