{"cameraMode":{"drawMode":0,"name":"Shaded","section":"Shading Mode"},"sceneLighting":true,"audioPlay":false,"sceneViewState":{"showFog":true,"showMaterialUpdate":true,"showSkybox":true,"showFlares":true,"showImageEffects":true,"showParticleSystems":true},"in2DMode":false,"pivot":{"x":-15.056391716003418,"y":-50.391822814941409,"z":58.04353332519531},"rotation":{"x":-0.30857422947883608,"y":0.09453057497739792,"z":-0.030835095793008806,"w":-0.945989191532135},"size":138.8413848876953,"orthographic":false}