{"cameraMode":{"drawMode":0,"name":"Shaded","section":"Shading Mode"},"sceneLighting":false,"audioPlay":false,"sceneViewState":{"showFog":true,"showMaterialUpdate":true,"showSkybox":false,"showFlares":true,"showImageEffects":true,"showParticleSystems":true},"in2DMode":false,"pivot":{"x":1.1487607955932618,"y":-1.6795365810394288,"z":9.062862396240235},"rotation":{"x":-0.09892530739307404,"y":-0.06652449816465378,"z":0.006628363858908415,"w":-0.9928513765335083},"size":11.547196388244629,"orthographic":false}