{"cameraMode":{"drawMode":0,"name":"Shaded","section":"Shading Mode"},"sceneLighting":true,"audioPlay":false,"sceneViewState":{"showFog":true,"showMaterialUpdate":true,"showSkybox":true,"showFlares":true,"showImageEffects":true,"showParticleSystems":true},"in2DMode":false,"pivot":{"x":9.477169036865235,"y":-27.354846954345704,"z":-3.3782196044921877},"rotation":{"x":0.2577517628669739,"y":0.15741218626499177,"z":-0.0426291860640049,"w":0.9523933529853821},"size":163.6511688232422,"orthographic":false}