{"cameraMode":{"drawMode":0,"name":"Shaded","section":"Shading Mode"},"sceneLighting":true,"audioPlay":false,"sceneViewState":{"showFog":true,"showMaterialUpdate":true,"showSkybox":true,"showFlares":true,"showImageEffects":true,"showParticleSystems":true},"in2DMode":false,"pivot":{"x":8.153090476989746,"y":-12.04366683959961,"z":6.516823768615723},"rotation":{"x":0.2729547917842865,"y":0.19203567504882813,"z":-0.05572875589132309,"w":0.9410620927810669},"size":89.21576690673828,"orthographic":false}